STATE/UT,YEAR,MURDER,ATTEMPT TO MURDER,RAPE,CUSTODIAL RAPE,OTHER RAPE,KIDNAPPING & ABDUCTION,KIDNAPPING AND ABDUCTION OF WOMEN AND GIRLS,KIDNAPPING AND ABDUCTION OF OTHERS,DOWRY DEATHS,ASSAULT ON WOMEN WITH INTENT TO OUTRAGE HER MODESTY,INSULT TO MODESTY OF WOMEN,CRUELTY BY HUSBAND OR HIS RELATIVES,IMPORTATION OF GIRLS FROM FOREIGN COUNTRIES,TOTAL_CRIMES,CRIME_ZONE,ZONE_CODE
A & N ISLANDS,2001,13.0,0.0,3.0,0.0,3.0,2.0,2.0,0.0,0.0,19.0,1.0,9.0,0.0,52.0,Low,0
A & N ISLANDS,2002,17.0,3.0,2.0,0.0,2.0,2.0,1.0,1.0,0.0,17.0,3.0,4.0,0.0,52.0,Low,0
A & N ISLANDS,2003,21.0,4.0,2.0,0.0,2.0,2.0,2.0,0.0,0.0,9.0,2.0,7.0,0.0,51.0,Low,0
A & N ISLANDS,2004,15.0,1.0,10.0,0.0,10.0,3.0,3.0,0.0,0.0,6.0,3.0,5.0,0.0,56.0,Low,0
A & N ISLANDS,2005,14.0,3.0,4.0,0.0,4.0,2.0,1.0,1.0,0.0,11.0,1.0,5.0,0.0,46.0,Low,0
A & N ISLANDS,2006,4.0,4.0,6.0,0.0,6.0,5.0,5.0,0.0,0.0,14.0,4.0,7.0,0.0,55.0,Low,0
A & N ISLANDS,2007,15.0,19.0,3.0,0.0,3.0,12.0,9.0,3.0,1.0,21.0,2.0,18.0,0.0,106.0,Low,0
A & N ISLANDS,2008,8.0,11.0,12.0,0.0,12.0,17.0,13.0,4.0,2.0,24.0,3.0,26.0,0.0,132.0,Low,0
A & N ISLANDS,2009,15.0,4.0,18.0,0.0,18.0,16.0,14.0,2.0,1.0,30.0,7.0,21.0,0.0,146.0,Low,0
A & N ISLANDS,2010,9.0,7.0,24.0,0.0,24.0,10.0,8.0,2.0,0.0,31.0,10.0,9.0,0.0,134.0,Low,0
A & N ISLANDS,2011,14.0,6.0,13.0,0.0,13.0,15.0,12.0,3.0,0.0,15.0,3.0,5.0,0.0,99.0,Low,0
A & N ISLANDS,2012,15.0,3.0,12.0,0.0,12.0,8.0,7.0,1.0,2.0,17.0,4.0,5.0,0.0,86.0,Low,0
A & N ISLANDS,2020,0.0,0.0,2.0,0.0,0.0,0.0,1.0,1.0,0.0,15.0,3.0,2.0,0.0,24.0,Low,0
A&N ISLANDS,2019,0.0,0.0,13.0,0.0,0.0,0.0,0.0,0.0,0.0,25.0,3.0,1.0,0.0,42.0,Low,0
ANDHRA PRADESH,2001,2602.0,1555.0,871.0,0.0,871.0,1182.0,765.0,417.0,420.0,3544.0,2271.0,5791.0,7.0,20296.0,High,2
ANDHRA PRADESH,2002,2525.0,1644.0,1002.0,0.0,1002.0,1302.0,854.0,448.0,449.0,3799.0,2024.0,7018.0,0.0,22067.0,High,2
ANDHRA PRADESH,2003,2667.0,1678.0,946.0,0.0,946.0,1485.0,931.0,554.0,466.0,4128.0,2286.0,8167.0,5.0,24259.0,High,2
ANDHRA PRADESH,2004,2579.0,1908.0,1016.0,0.0,1016.0,1526.0,1030.0,496.0,512.0,3817.0,2310.0,8388.0,2.0,24600.0,High,2
ANDHRA PRADESH,2005,2750.0,1724.0,935.0,1.0,934.0,1612.0,995.0,617.0,443.0,3595.0,2508.0,8696.0,3.0,24813.0,High,2
ANDHRA PRADESH,2006,2766.0,1860.0,1049.0,1.0,1048.0,2030.0,1329.0,701.0,519.0,4534.0,2411.0,9164.0,0.0,27412.0,High,2
ANDHRA PRADESH,2007,2665.0,1885.0,1070.0,0.0,1070.0,2097.0,1564.0,533.0,613.0,4406.0,3316.0,11335.0,0.0,30554.0,High,2
ANDHRA PRADESH,2008,2690.0,1942.0,1257.0,0.0,1257.0,1970.0,1396.0,574.0,556.0,4730.0,3551.0,10306.0,0.0,30229.0,High,2
ANDHRA PRADESH,2009,2449.0,1859.0,1188.0,0.0,1188.0,1958.0,1526.0,432.0,546.0,5147.0,3520.0,11297.0,0.0,31110.0,High,2
ANDHRA PRADESH,2010,2538.0,1953.0,1362.0,0.0,1362.0,2053.0,1531.0,522.0,588.0,4634.0,4562.0,12080.0,0.0,33185.0,High,2
ANDHRA PRADESH,2011,2808.0,2229.0,1442.0,0.0,1442.0,2154.0,1612.0,542.0,599.0,4849.0,3658.0,13376.0,0.0,34711.0,High,2
ANDHRA PRADESH,2012,2717.0,2183.0,1341.0,0.0,1341.0,1870.0,1403.0,467.0,504.0,4816.0,3714.0,13389.0,0.0,33745.0,High,2
ANDHRA PRADESH,2019,6.0,177.0,1086.0,0.0,0.0,381.0,589.0,41.0,112.0,4444.0,1892.0,7851.0,1.0,16580.0,High,2
ANDHRA PRADESH ,2020,5.0,0.0,1095.0,0.0,0.0,327.0,534.0,49.0,111.0,4886.0,2342.0,6546.0,0.0,15895.0,High,2
ARUNACHAL PRADESH,2001,83.0,53.0,33.0,0.0,33.0,83.0,55.0,28.0,0.0,78.0,3.0,11.0,0.0,460.0,Low,0
ARUNACHAL PRADESH,2002,61.0,38.0,38.0,0.0,38.0,57.0,38.0,19.0,0.0,68.0,2.0,13.0,0.0,372.0,Low,0
ARUNACHAL PRADESH,2003,77.0,20.0,31.0,0.0,31.0,68.0,51.0,17.0,0.0,43.0,0.0,14.0,0.0,352.0,Low,0
ARUNACHAL PRADESH,2004,67.0,45.0,42.0,0.0,42.0,65.0,41.0,24.0,0.0,61.0,0.0,4.0,0.0,391.0,Low,0
ARUNACHAL PRADESH,2005,81.0,37.0,35.0,0.0,35.0,58.0,39.0,19.0,0.0,67.0,0.0,9.0,0.0,380.0,Low,0
ARUNACHAL PRADESH,2006,60.0,33.0,37.0,0.0,37.0,75.0,51.0,24.0,1.0,63.0,2.0,14.0,0.0,397.0,Low,0
ARUNACHAL PRADESH,2007,68.0,29.0,48.0,0.0,48.0,68.0,44.0,24.0,0.0,72.0,1.0,20.0,0.0,422.0,Low,0
ARUNACHAL PRADESH,2008,72.0,37.0,42.0,0.0,42.0,79.0,47.0,32.0,0.0,72.0,1.0,13.0,0.0,437.0,Low,0
ARUNACHAL PRADESH,2009,59.0,33.0,59.0,0.0,59.0,62.0,28.0,34.0,0.0,58.0,6.0,13.0,0.0,411.0,Low,0
ARUNACHAL PRADESH,2010,75.0,34.0,47.0,0.0,47.0,67.0,46.0,21.0,0.0,84.0,1.0,12.0,0.0,434.0,Low,0
ARUNACHAL PRADESH,2011,65.0,29.0,42.0,0.0,42.0,93.0,60.0,33.0,0.0,51.0,0.0,18.0,0.0,433.0,Low,0
ARUNACHAL PRADESH,2012,73.0,29.0,46.0,0.0,46.0,82.0,58.0,24.0,1.0,67.0,2.0,26.0,0.0,454.0,Low,0
ARUNACHAL PRADESH,2019,1.0,2.0,63.0,0.0,0.0,47.0,68.0,4.0,1.0,80.0,6.0,54.0,0.0,326.0,Low,0
ARUNACHAL PRADESH,2020,0.0,0.0,60.0,0.0,0.0,34.0,45.0,4.0,0.0,73.0,3.0,69.0,0.0,288.0,Low,0
ASSAM,2001,1356.0,481.0,817.0,0.0,817.0,1480.0,1070.0,410.0,59.0,850.0,4.0,1248.0,0.0,8592.0,Medium,1
ASSAM,2002,1253.0,479.0,970.0,0.0,970.0,1595.0,1276.0,319.0,70.0,984.0,7.0,1694.0,0.0,9617.0,Medium,1
ASSAM,2003,1191.0,485.0,1095.0,0.0,1095.0,1628.0,1351.0,277.0,60.0,878.0,6.0,1808.0,0.0,9874.0,Medium,1
ASSAM,2004,1214.0,410.0,1171.0,0.0,1171.0,1906.0,1552.0,354.0,74.0,883.0,11.0,1945.0,0.0,10691.0,High,2
ASSAM,2005,1194.0,503.0,1238.0,0.0,1238.0,1751.0,1456.0,295.0,99.0,899.0,19.0,2206.0,3.0,10901.0,High,2
ASSAM,2006,1207.0,414.0,1244.0,0.0,1244.0,1825.0,1544.0,281.0,105.0,1290.0,10.0,2548.0,0.0,11712.0,High,2
ASSAM,2007,1374.0,451.0,1437.0,0.0,1437.0,1971.0,1471.0,500.0,100.0,789.0,10.0,3000.0,0.0,12540.0,High,2
ASSAM,2008,1426.0,417.0,1438.0,0.0,1438.0,2239.0,1789.0,450.0,103.0,1272.0,2.0,3478.0,0.0,14052.0,High,2
ASSAM,2009,1323.0,417.0,1631.0,0.0,1631.0,2718.0,2092.0,626.0,170.0,1342.0,10.0,4398.0,1.0,16359.0,High,2
ASSAM,2010,1223.0,431.0,1721.0,5.0,1716.0,3250.0,2767.0,483.0,175.0,1400.0,20.0,5410.0,0.0,18601.0,High,2
ASSAM,2011,1303.0,504.0,1700.0,0.0,1700.0,3764.0,3192.0,572.0,121.0,1193.0,8.0,5246.0,2.0,19305.0,High,2
ASSAM,2012,1368.0,670.0,1716.0,0.0,1716.0,3812.0,3360.0,452.0,140.0,1840.0,5.0,6407.0,2.0,21488.0,High,2
ASSAM,2019,26.0,358.0,1581.0,0.0,0.0,853.0,6645.0,757.0,144.0,4256.0,385.0,11107.0,0.0,26112.0,High,2
ASSAM,2020,26.0,0.0,1657.0,0.0,0.0,863.0,5364.0,505.0,148.0,4642.0,90.0,11408.0,0.0,24703.0,High,2
BIHAR,2001,3643.0,3419.0,888.0,0.0,888.0,2159.0,518.0,1641.0,859.0,562.0,21.0,1558.0,83.0,16239.0,High,2
BIHAR,2002,3712.0,3526.0,1040.0,0.0,1040.0,2361.0,744.0,1617.0,927.0,621.0,6.0,1577.0,38.0,17209.0,High,2
BIHAR,2003,3771.0,3540.0,985.0,0.0,985.0,2427.0,674.0,1753.0,909.0,688.0,11.0,1880.0,37.0,17660.0,High,2
BIHAR,2004,3948.0,2995.0,1390.0,1.0,1389.0,3413.0,997.0,2416.0,1029.0,704.0,13.0,2679.0,35.0,21009.0,High,2
BIHAR,2005,3471.0,3307.0,1147.0,0.0,1147.0,2693.0,929.0,1764.0,1014.0,451.0,13.0,1574.0,74.0,17584.0,High,2
BIHAR,2006,3249.0,3303.0,1232.0,0.0,1232.0,2619.0,1084.0,1535.0,1188.0,530.0,53.0,1689.0,42.0,17756.0,High,2
BIHAR,2007,3034.0,3113.0,1555.0,0.0,1555.0,2530.0,1260.0,1270.0,1172.0,853.0,12.0,1635.0,56.0,18045.0,High,2
BIHAR,2008,3139.0,2954.0,1302.0,0.0,1302.0,3047.0,1789.0,1258.0,1210.0,999.0,21.0,1992.0,22.0,19035.0,High,2
BIHAR,2009,3152.0,3068.0,929.0,0.0,929.0,3222.0,1986.0,1236.0,1295.0,726.0,12.0,2532.0,31.0,19118.0,High,2
BIHAR,2010,3362.0,2915.0,795.0,0.0,795.0,3674.0,2569.0,1105.0,1257.0,534.0,16.0,2271.0,8.0,19301.0,High,2
BIHAR,2011,3198.0,3327.0,934.0,1.0,933.0,4268.0,3050.0,1218.0,1413.0,790.0,11.0,2607.0,10.0,21760.0,High,2
BIHAR,2012,3566.0,5452.0,927.0,0.0,927.0,4807.0,3789.0,1018.0,1275.0,118.0,37.0,3686.0,4.0,25606.0,High,2
BIHAR,2019,4.0,110.0,730.0,0.0,0.0,867.0,9025.0,1037.0,1120.0,312.0,11.0,2397.0,0.0,15613.0,High,2
BIHAR,2020,3.0,0.0,806.0,0.0,0.0,745.0,6671.0,607.0,1046.0,584.0,6.0,1935.0,0.0,12403.0,High,2
CHANDIGARH,2001,15.0,10.0,18.0,0.0,18.0,56.0,50.0,6.0,3.0,24.0,15.0,36.0,0.0,251.0,Low,0
CHANDIGARH,2002,31.0,35.0,18.0,0.0,18.0,54.0,47.0,7.0,1.0,36.0,28.0,56.0,0.0,331.0,Low,0
CHANDIGARH,2003,21.0,15.0,18.0,0.0,18.0,32.0,28.0,4.0,1.0,11.0,4.0,93.0,0.0,245.0,Low,0
CHANDIGARH,2004,22.0,19.0,19.0,0.0,19.0,54.0,43.0,11.0,6.0,20.0,18.0,73.0,0.0,304.0,Low,0
CHANDIGARH,2005,18.0,15.0,33.0,0.0,33.0,54.0,45.0,9.0,3.0,31.0,9.0,75.0,0.0,325.0,Low,0
CHANDIGARH,2006,12.0,21.0,19.0,0.0,19.0,65.0,57.0,8.0,10.0,20.0,13.0,102.0,0.0,346.0,Low,0
CHANDIGARH,2007,19.0,26.0,22.0,0.0,22.0,52.0,46.0,6.0,1.0,32.0,11.0,112.0,0.0,349.0,Low,0
CHANDIGARH,2008,17.0,28.0,20.0,0.0,20.0,50.0,42.0,8.0,3.0,19.0,2.0,49.0,0.0,258.0,Low,0
CHANDIGARH,2009,22.0,18.0,29.0,0.0,29.0,40.0,36.0,4.0,2.0,26.0,2.0,51.0,0.0,259.0,Low,0
CHANDIGARH,2010,21.0,30.0,31.0,0.0,31.0,38.0,28.0,10.0,5.0,29.0,4.0,41.0,0.0,268.0,Low,0
CHANDIGARH,2011,24.0,40.0,27.0,0.0,27.0,58.0,46.0,12.0,2.0,21.0,12.0,46.0,0.0,315.0,Low,0
CHANDIGARH,2012,21.0,44.0,27.0,0.0,27.0,87.0,66.0,21.0,5.0,45.0,25.0,73.0,0.0,441.0,Low,0
CHANDIGARH,2019,0.0,2.0,112.0,0.0,0.0,89.0,129.0,8.0,6.0,66.0,15.0,177.0,0.0,604.0,Medium,1
CHATTISGARH,2020,8.0,0.0,1210.0,0.0,0.0,1079.0,1341.0,12.0,71.0,1461.0,279.0,641.0,0.0,6102.0,Medium,1
CHHATTISGARH,2001,880.0,529.0,959.0,0.0,959.0,207.0,171.0,36.0,70.0,1763.0,161.0,840.0,0.0,6575.0,Medium,1
CHHATTISGARH,2002,844.0,453.0,992.0,0.0,992.0,178.0,154.0,24.0,85.0,1483.0,147.0,653.0,0.0,6005.0,Medium,1
CHHATTISGARH,2003,776.0,513.0,898.0,0.0,898.0,177.0,149.0,28.0,79.0,1481.0,105.0,601.0,0.0,5705.0,Medium,1
CHHATTISGARH,2004,927.0,619.0,969.0,0.0,969.0,214.0,174.0,40.0,71.0,1661.0,131.0,741.0,0.0,6516.0,Medium,1
CHHATTISGARH,2005,1013.0,660.0,990.0,0.0,990.0,246.0,184.0,62.0,100.0,1450.0,132.0,732.0,0.0,6559.0,Medium,1
CHHATTISGARH,2006,1098.0,825.0,995.0,0.0,995.0,239.0,178.0,61.0,103.0,1598.0,143.0,717.0,1.0,6953.0,Medium,1
CHHATTISGARH,2007,1097.0,747.0,982.0,0.0,982.0,244.0,181.0,63.0,100.0,1549.0,111.0,824.0,0.0,6880.0,Medium,1
CHHATTISGARH,2008,1169.0,736.0,978.0,0.0,978.0,273.0,216.0,57.0,106.0,1621.0,125.0,897.0,0.0,7156.0,Medium,1
CHHATTISGARH,2009,1083.0,732.0,976.0,0.0,976.0,286.0,229.0,57.0,128.0,1598.0,152.0,893.0,0.0,7110.0,Medium,1
CHHATTISGARH,2010,1065.0,756.0,1012.0,0.0,1012.0,359.0,279.0,80.0,115.0,1706.0,182.0,861.0,2.0,7429.0,Medium,1
CHHATTISGARH,2011,1110.0,747.0,1053.0,0.0,1053.0,472.0,365.0,107.0,104.0,1654.0,174.0,834.0,2.0,7675.0,Medium,1
CHHATTISGARH,2012,998.0,593.0,1034.0,0.0,1034.0,450.0,350.0,100.0,81.0,1601.0,162.0,980.0,0.0,7383.0,Medium,1
CHHATTISGARH,2019,3.0,9.0,1036.0,0.0,0.0,1536.0,2033.0,70.0,76.0,1316.0,232.0,732.0,0.0,7043.0,Medium,1
Chandigarh,2020,0.0,0.0,60.0,0.0,0.0,71.0,90.0,0.0,1.0,42.0,4.0,96.0,0.0,364.0,Low,0
D & N HAVELI,2001,3.0,2.0,6.0,0.0,6.0,4.0,2.0,2.0,0.0,7.0,0.0,4.0,0.0,36.0,Low,0
D & N HAVELI,2002,11.0,2.0,4.0,0.0,4.0,9.0,5.0,4.0,0.0,3.0,0.0,3.0,0.0,45.0,Low,0
D & N HAVELI,2003,11.0,5.0,1.0,0.0,1.0,7.0,4.0,3.0,0.0,4.0,0.0,2.0,0.0,38.0,Low,0
D & N HAVELI,2004,11.0,4.0,7.0,0.0,7.0,12.0,7.0,5.0,0.0,5.0,0.0,3.0,0.0,61.0,Low,0
D & N HAVELI,2005,7.0,5.0,5.0,0.0,5.0,13.0,9.0,4.0,0.0,5.0,0.0,5.0,0.0,58.0,Low,0
D & N HAVELI,2006,9.0,0.0,6.0,0.0,6.0,18.0,14.0,4.0,1.0,5.0,1.0,5.0,0.0,69.0,Low,0
D & N HAVELI,2007,10.0,2.0,7.0,0.0,7.0,9.0,6.0,3.0,0.0,0.0,0.0,3.0,0.0,47.0,Low,0
D & N HAVELI,2008,9.0,2.0,6.0,0.0,6.0,17.0,11.0,6.0,0.0,4.0,0.0,4.0,0.0,65.0,Low,0
D & N HAVELI,2009,10.0,5.0,4.0,0.0,4.0,12.0,9.0,3.0,0.0,2.0,1.0,3.0,0.0,53.0,Low,0
D & N HAVELI,2010,6.0,0.0,3.0,0.0,3.0,18.0,10.0,8.0,0.0,11.0,2.0,3.0,0.0,64.0,Low,0
D & N HAVELI,2011,14.0,2.0,4.0,0.0,4.0,9.0,8.0,1.0,0.0,2.0,0.0,3.0,0.0,47.0,Low,0
D & N HAVELI,2012,7.0,2.0,3.0,0.0,3.0,13.0,9.0,4.0,0.0,2.0,0.0,0.0,0.0,43.0,Low,0
D&N HAVELI,2019,0.0,0.0,0.0,0.0,0.0,0.0,1.0,1.0,3.0,3.0,0.0,3.0,0.0,11.0,Low,0
DAMAN,2019,0.0,0.0,3.0,0.0,0.0,0.0,1.0,0.0,1.0,3.0,3.0,2.0,0.0,13.0,Low,0
DAMAN & DIU,2001,7.0,5.0,0.0,0.0,0.0,5.0,3.0,2.0,0.0,0.0,0.0,4.0,0.0,26.0,Low,0
DAMAN & DIU,2002,8.0,3.0,0.0,0.0,0.0,3.0,2.0,1.0,0.0,0.0,0.0,3.0,0.0,20.0,Low,0
DAMAN & DIU,2003,6.0,3.0,5.0,0.0,5.0,1.0,1.0,0.0,1.0,3.0,0.0,0.0,0.0,25.0,Low,0
DAMAN & DIU,2004,3.0,1.0,1.0,0.0,1.0,2.0,0.0,2.0,0.0,1.0,0.0,4.0,0.0,15.0,Low,0
DAMAN & DIU,2005,5.0,2.0,2.0,0.0,2.0,4.0,2.0,2.0,1.0,1.0,0.0,3.0,0.0,24.0,Low,0
DAMAN & DIU,2006,6.0,3.0,3.0,0.0,3.0,3.0,1.0,2.0,0.0,2.0,0.0,2.0,0.0,25.0,Low,0
DAMAN & DIU,2007,12.0,7.0,1.0,0.0,1.0,1.0,1.0,0.0,1.0,0.0,0.0,3.0,0.0,27.0,Low,0
DAMAN & DIU,2008,2.0,2.0,0.0,0.0,0.0,4.0,1.0,3.0,0.0,2.0,1.0,5.0,0.0,20.0,Low,0
DAMAN & DIU,2009,5.0,4.0,1.0,0.0,1.0,0.0,0.0,0.0,0.0,4.0,1.0,3.0,0.0,19.0,Low,0
DAMAN & DIU,2020,0.0,0.0,4.0,0.0,0.0,0.0,0.0,0.0,2.0,6.0,3.0,4.0,0.0,19.0,Low,0
DELHI,2020,1.0,0.0,997.0,0.0,0.0,2760.0,2938.0,176.0,110.0,1840.0,416.0,2557.0,0.0,11795.0,High,2
DELHI UT,2001,1094.0,1020.0,762.0,0.0,762.0,3254.0,1928.0,1326.0,226.0,1004.0,180.0,276.0,0.0,11832.0,High,2
DELHI UT,2002,1062.0,880.0,806.0,0.0,806.0,2646.0,1786.0,860.0,270.0,892.0,256.0,270.0,0.0,10534.0,High,2
DELHI UT,2003,970.0,814.0,980.0,0.0,980.0,2312.0,1594.0,718.0,260.0,978.0,210.0,2422.0,0.0,12238.0,High,2
DELHI UT,2004,962.0,1038.0,1102.0,0.0,1102.0,2418.0,1762.0,656.0,252.0,1202.0,260.0,2508.0,0.0,13262.0,High,2
DELHI UT,2005,910.0,934.0,1316.0,0.0,1316.0,3180.0,2212.0,968.0,228.0,1524.0,450.0,2648.0,2.0,15688.0,High,2
DELHI UT,2006,952.0,1020.0,1246.0,0.0,1246.0,2884.0,2132.0,752.0,274.0,1436.0,288.0,3456.0,0.0,15686.0,High,2
DELHI UT,2007,990.0,1060.0,1196.0,0.0,1196.0,3376.0,2334.0,1042.0,276.0,1736.0,334.0,3574.0,0.0,17114.0,High,2
DELHI UT,2008,1108.0,778.0,932.0,0.0,932.0,3134.0,2272.0,862.0,258.0,1222.0,260.0,2774.0,0.0,14532.0,High,2
DELHI UT,2009,1104.0,738.0,938.0,0.0,938.0,5072.0,3310.0,1762.0,282.0,1104.0,236.0,2566.0,0.0,18050.0,High,2
DELHI UT,2010,565.0,311.0,507.0,0.0,507.0,3208.0,1740.0,1468.0,143.0,601.0,80.0,1404.0,0.0,10534.0,High,2
DELHI UT,2011,543.0,386.0,572.0,0.0,572.0,3767.0,2085.0,1682.0,142.0,657.0,162.0,1575.0,0.0,12143.0,High,2
DELHI UT,2012,521.0,439.0,706.0,0.0,706.0,3970.0,2160.0,1810.0,134.0,727.0,208.0,1985.0,0.0,13366.0,High,2
DELHI UT,2019,5.0,10.0,1253.0,0.0,0.0,3470.0,3672.0,195.0,116.0,2355.0,456.0,3792.0,0.0,15324.0,High,2
DIU,2019,0.0,0.0,1.0,0.0,0.0,1.0,1.0,0.0,1.0,2.0,0.0,2.0,0.0,8.0,Low,0
GOA,2001,36.0,30.0,12.0,0.0,12.0,9.0,6.0,3.0,2.0,17.0,7.0,11.0,0.0,145.0,Low,0
GOA,2002,30.0,20.0,12.0,0.0,12.0,9.0,5.0,4.0,2.0,18.0,6.0,8.0,0.0,126.0,Low,0
GOA,2003,34.0,25.0,31.0,0.0,31.0,14.0,13.0,1.0,2.0,19.0,7.0,24.0,0.0,201.0,Low,0
GOA,2004,40.0,6.0,37.0,0.0,37.0,13.0,10.0,3.0,2.0,23.0,15.0,17.0,0.0,203.0,Low,0
GOA,2005,45.0,15.0,20.0,0.0,20.0,17.0,12.0,5.0,2.0,30.0,8.0,11.0,0.0,185.0,Low,0
GOA,2006,39.0,17.0,21.0,0.0,21.0,16.0,10.0,6.0,0.0,18.0,7.0,14.0,0.0,169.0,Low,0
GOA,2007,33.0,23.0,20.0,0.0,20.0,12.0,7.0,5.0,2.0,20.0,7.0,14.0,0.0,163.0,Low,0
GOA,2008,49.0,25.0,30.0,0.0,30.0,36.0,28.0,8.0,2.0,32.0,12.0,12.0,0.0,264.0,Low,0
GOA,2009,53.0,24.0,47.0,0.0,47.0,33.0,22.0,11.0,3.0,37.0,10.0,21.0,0.0,308.0,Low,0
GOA,2010,35.0,27.0,36.0,0.0,36.0,25.0,18.0,7.0,1.0,36.0,16.0,17.0,0.0,254.0,Low,0
GOA,2011,48.0,22.0,29.0,0.0,29.0,28.0,17.0,11.0,1.0,29.0,12.0,18.0,0.0,244.0,Low,0
GOA,2012,45.0,35.0,55.0,0.0,55.0,24.0,16.0,8.0,0.0,49.0,16.0,24.0,0.0,327.0,Low,0
GOA,2019,0.0,0.0,72.0,0.0,0.0,35.0,52.0,16.0,1.0,119.0,37.0,9.0,0.0,341.0,Low,0
GOA,2020,1.0,0.0,60.0,0.0,0.0,23.0,31.0,8.0,0.0,67.0,35.0,8.0,0.0,233.0,Low,0
GUJARAT,2001,1226.0,537.0,286.0,0.0,286.0,998.0,857.0,141.0,67.0,756.0,111.0,3667.0,0.0,8932.0,Medium,1
GUJARAT,2002,1532.0,759.0,267.0,0.0,267.0,1015.0,807.0,208.0,62.0,750.0,104.0,3321.0,0.0,9092.0,Medium,1
GUJARAT,2003,1114.0,478.0,236.0,0.0,236.0,1044.0,859.0,185.0,54.0,722.0,92.0,3684.0,0.0,8704.0,Medium,1
GUJARAT,2004,1113.0,469.0,339.0,0.0,339.0,1133.0,905.0,228.0,58.0,757.0,164.0,3955.0,0.0,9460.0,Medium,1
GUJARAT,2005,1033.0,452.0,324.0,0.0,324.0,1164.0,916.0,248.0,48.0,802.0,104.0,4090.0,0.0,9505.0,Medium,1
GUJARAT,2006,1165.0,471.0,354.0,0.0,354.0,1128.0,945.0,183.0,50.0,736.0,138.0,4977.0,0.0,10501.0,High,2
GUJARAT,2007,1166.0,494.0,316.0,0.0,316.0,1312.0,1089.0,223.0,42.0,822.0,120.0,5827.0,0.0,11727.0,High,2
GUJARAT,2008,1106.0,487.0,374.0,0.0,374.0,1323.0,1119.0,204.0,27.0,828.0,122.0,6094.0,0.0,12058.0,High,2
GUJARAT,2009,1020.0,468.0,433.0,0.0,433.0,1348.0,1162.0,186.0,24.0,727.0,114.0,5506.0,0.0,11421.0,High,2
GUJARAT,2010,1048.0,462.0,408.0,0.0,408.0,1447.0,1290.0,157.0,19.0,668.0,110.0,5600.0,0.0,11617.0,High,2
GUJARAT,2011,1126.0,478.0,439.0,0.0,439.0,1614.0,1442.0,172.0,30.0,685.0,93.0,6052.0,0.0,12570.0,High,2
GUJARAT,2012,1126.0,557.0,473.0,0.0,473.0,1720.0,1527.0,193.0,21.0,745.0,93.0,6658.0,0.0,13586.0,High,2
GUJARAT,2019,7.0,1.0,528.0,0.0,0.0,274.0,922.0,23.0,9.0,1048.0,16.0,3619.0,0.0,6447.0,Medium,1
GUJARAT,2020,7.0,0.0,486.0,0.0,0.0,179.0,597.0,22.0,6.0,846.0,17.0,3345.0,0.0,5505.0,Medium,1
HARYANA,2001,781.0,467.0,398.0,0.0,398.0,449.0,297.0,152.0,285.0,478.0,401.0,1513.0,0.0,5619.0,Medium,1
HARYANA,2002,760.0,487.0,361.0,1.0,360.0,427.0,290.0,137.0,256.0,454.0,1424.0,1565.0,0.0,6522.0,Medium,1
HARYANA,2003,702.0,446.0,353.0,0.0,353.0,388.0,271.0,117.0,222.0,344.0,1302.0,1618.0,0.0,6116.0,Medium,1
HARYANA,2004,733.0,441.0,386.0,0.0,386.0,423.0,292.0,131.0,251.0,403.0,850.0,2026.0,0.0,6322.0,Medium,1
HARYANA,2005,784.0,513.0,461.0,0.0,461.0,492.0,344.0,148.0,212.0,380.0,597.0,2075.0,0.0,6467.0,Medium,1
HARYANA,2006,873.0,585.0,608.0,0.0,608.0,635.0,431.0,204.0,255.0,486.0,491.0,2254.0,0.0,7430.0,Medium,1
HARYANA,2007,911.0,592.0,488.0,0.0,488.0,801.0,554.0,247.0,269.0,417.0,409.0,2412.0,0.0,7588.0,Medium,1
HARYANA,2008,921.0,616.0,631.0,0.0,631.0,854.0,644.0,210.0,302.0,435.0,605.0,2435.0,0.0,8284.0,Medium,1
HARYANA,2009,948.0,690.0,603.0,0.0,603.0,916.0,659.0,257.0,281.0,451.0,605.0,2617.0,0.0,8630.0,Medium,1
HARYANA,2010,1005.0,836.0,720.0,0.0,720.0,963.0,714.0,249.0,284.0,476.0,580.0,2720.0,0.0,9267.0,Medium,1
HARYANA,2011,1062.0,851.0,733.0,0.0,733.0,959.0,733.0,226.0,255.0,474.0,490.0,2740.0,0.0,9256.0,Medium,1
HARYANA,2012,991.0,910.0,668.0,0.0,668.0,1349.0,900.0,449.0,258.0,525.0,434.0,3137.0,0.0,10289.0,High,2
HARYANA,2019,6.0,194.0,1480.0,0.0,0.0,33.0,2803.0,745.0,248.0,2581.0,173.0,4867.0,0.0,13130.0,High,2
HARYANA,2020,2.0,0.0,1373.0,0.0,0.0,96.0,2423.0,577.0,251.0,2339.0,183.0,4119.0,0.0,11363.0,High,2
HIMACHAL PRADESH,2001,119.0,75.0,124.0,0.0,124.0,126.0,105.0,21.0,10.0,310.0,14.0,317.0,0.0,1345.0,Medium,1
HIMACHAL PRADESH,2002,123.0,86.0,137.0,0.0,137.0,138.0,116.0,22.0,6.0,326.0,12.0,234.0,0.0,1337.0,Medium,1
HIMACHAL PRADESH,2003,125.0,74.0,126.0,0.0,126.0,113.0,96.0,17.0,6.0,250.0,18.0,221.0,0.0,1172.0,Medium,1
HIMACHAL PRADESH,2004,110.0,77.0,153.0,0.0,153.0,123.0,99.0,24.0,8.0,284.0,16.0,252.0,0.0,1299.0,Medium,1
HIMACHAL PRADESH,2005,110.0,79.0,141.0,0.0,141.0,118.0,102.0,16.0,2.0,286.0,29.0,228.0,0.0,1252.0,Medium,1
HIMACHAL PRADESH,2006,111.0,78.0,113.0,0.0,113.0,130.0,109.0,21.0,3.0,275.0,31.0,259.0,0.0,1243.0,Medium,1
HIMACHAL PRADESH,2007,127.0,57.0,159.0,0.0,159.0,171.0,150.0,21.0,8.0,322.0,33.0,342.0,0.0,1549.0,Medium,1
HIMACHAL PRADESH,2008,129.0,59.0,157.0,0.0,157.0,151.0,137.0,14.0,3.0,295.0,41.0,343.0,0.0,1486.0,Medium,1
HIMACHAL PRADESH,2009,125.0,73.0,183.0,0.0,183.0,150.0,122.0,28.0,1.0,318.0,37.0,284.0,0.0,1504.0,Medium,1
HIMACHAL PRADESH,2010,132.0,74.0,160.0,0.0,160.0,194.0,162.0,32.0,2.0,350.0,78.0,275.0,0.0,1619.0,Medium,1
HIMACHAL PRADESH,2011,130.0,50.0,168.0,0.0,168.0,212.0,191.0,21.0,4.0,331.0,62.0,239.0,0.0,1576.0,Medium,1
HIMACHAL PRADESH,2012,113.0,53.0,183.0,0.0,183.0,172.0,152.0,20.0,2.0,250.0,68.0,251.0,0.0,1447.0,Medium,1
HIMACHAL PRADESH,2019,13.0,5.0,359.0,0.0,0.0,143.0,337.0,7.0,4.0,498.0,72.0,228.0,0.0,1666.0,Medium,1
HIMACHAL PRADESH,2020,8.0,0.0,331.0,0.0,0.0,86.0,281.0,3.0,1.0,538.0,88.0,259.0,0.0,1595.0,Medium,1
JAMMU & KASHMIR,2001,1075.0,1474.0,169.0,0.0,169.0,606.0,504.0,102.0,13.0,622.0,288.0,50.0,0.0,5072.0,Medium,1
JAMMU & KASHMIR,2002,1048.0,1240.0,192.0,0.0,192.0,674.0,596.0,78.0,18.0,785.0,368.0,54.0,0.0,5245.0,Medium,1
JAMMU & KASHMIR,2003,929.0,1216.0,211.0,0.0,211.0,712.0,615.0,97.0,10.0,875.0,376.0,71.0,0.0,5323.0,Medium,1
JAMMU & KASHMIR,2004,816.0,1112.0,218.0,0.0,218.0,735.0,632.0,103.0,9.0,990.0,264.0,82.0,0.0,5179.0,Medium,1
JAMMU & KASHMIR,2005,647.0,905.0,201.0,0.0,201.0,748.0,658.0,90.0,5.0,830.0,371.0,76.0,0.0,4732.0,Medium,1
JAMMU & KASHMIR,2006,487.0,854.0,250.0,0.0,250.0,789.0,723.0,66.0,10.0,960.0,347.0,135.0,0.0,4871.0,Medium,1
JAMMU & KASHMIR,2007,318.0,669.0,288.0,0.0,288.0,758.0,707.0,51.0,9.0,986.0,353.0,176.0,0.0,4603.0,Medium,1
JAMMU & KASHMIR,2008,237.0,570.0,219.0,0.0,219.0,704.0,656.0,48.0,21.0,935.0,296.0,162.0,0.0,4067.0,Medium,1
JAMMU & KASHMIR,2009,237.0,547.0,237.0,0.0,237.0,873.0,825.0,48.0,12.0,972.0,371.0,196.0,0.0,4555.0,Medium,1
JAMMU & KASHMIR,2010,217.0,711.0,245.0,0.0,245.0,896.0,840.0,56.0,9.0,1038.0,262.0,211.0,0.0,4730.0,Medium,1
JAMMU & KASHMIR,2011,169.0,494.0,277.0,0.0,277.0,1077.0,1023.0,54.0,11.0,1194.0,350.0,286.0,0.0,5212.0,Medium,1
JAMMU & KASHMIR,2012,124.0,511.0,303.0,0.0,303.0,1093.0,1041.0,52.0,8.0,1322.0,347.0,301.0,0.0,5405.0,Medium,1
JAMMU & KASHMIR,2019,1.0,13.0,223.0,0.0,0.0,332.0,893.0,178.0,8.0,1440.0,15.0,347.0,0.0,3450.0,Medium,1
JAMMU & KASHMIR,2020,0.0,0.0,243.0,0.0,0.0,227.0,775.0,97.0,9.0,1744.0,35.0,349.0,0.0,3479.0,Medium,1
JHARKHAND,2001,1507.0,866.0,567.0,0.0,567.0,441.0,279.0,162.0,217.0,297.0,5.0,484.0,2.0,5394.0,Medium,1
JHARKHAND,2002,1488.0,1143.0,797.0,0.0,797.0,468.0,178.0,290.0,275.0,411.0,3.0,588.0,36.0,6474.0,Medium,1
JHARKHAND,2003,1482.0,957.0,712.0,0.0,712.0,487.0,262.0,225.0,262.0,424.0,2.0,559.0,0.0,6084.0,Medium,1
JHARKHAND,2004,1488.0,1143.0,797.0,0.0,797.0,468.0,178.0,290.0,275.0,411.0,3.0,588.0,36.0,6474.0,Medium,1
JHARKHAND,2005,1523.0,1084.0,753.0,5.0,748.0,621.0,283.0,338.0,257.0,293.0,36.0,590.0,4.0,6535.0,Medium,1
JHARKHAND,2006,1492.0,1078.0,799.0,0.0,799.0,635.0,410.0,225.0,281.0,414.0,44.0,668.0,5.0,6850.0,Medium,1
JHARKHAND,2007,1617.0,1076.0,855.0,0.0,855.0,762.0,534.0,228.0,303.0,342.0,15.0,801.0,0.0,7388.0,Medium,1
JHARKHAND,2008,1697.0,1061.0,791.0,0.0,791.0,792.0,499.0,293.0,266.0,271.0,23.0,851.0,39.0,7374.0,Medium,1
JHARKHAND,2009,1636.0,1274.0,719.0,0.0,719.0,827.0,517.0,310.0,295.0,276.0,83.0,710.0,6.0,7372.0,Medium,1
JHARKHAND,2010,1689.0,1028.0,773.0,0.0,773.0,978.0,696.0,282.0,276.0,245.0,16.0,650.0,8.0,7414.0,Medium,1
JHARKHAND,2011,1747.0,718.0,784.0,0.0,784.0,941.0,660.0,281.0,282.0,317.0,7.0,659.0,6.0,7186.0,Medium,1
JHARKHAND,2012,1694.0,842.0,812.0,0.0,812.0,1056.0,786.0,270.0,302.0,284.0,10.0,1261.0,3.0,8132.0,Medium,1
JHARKHAND,2019,4.0,234.0,1416.0,0.0,0.0,53.0,1008.0,41.0,299.0,1646.0,7.0,1426.0,0.0,6134.0,Medium,1
JHARKHAND,2020,9.0,0.0,1321.0,0.0,0.0,170.0,993.0,55.0,275.0,1358.0,6.0,857.0,0.0,5044.0,Medium,1
KARNATAKA,2001,1626.0,1475.0,293.0,0.0,293.0,559.0,271.0,288.0,220.0,1665.0,81.0,1755.0,0.0,8526.0,Medium,1
KARNATAKA,2002,1627.0,1576.0,292.0,0.0,292.0,645.0,300.0,345.0,233.0,1648.0,100.0,1826.0,0.0,8884.0,Medium,1
KARNATAKA,2003,1506.0,1241.0,321.0,0.0,321.0,531.0,244.0,287.0,194.0,1585.0,84.0,1704.0,0.0,8018.0,Medium,1
KARNATAKA,2004,1519.0,1387.0,291.0,1.0,290.0,592.0,286.0,306.0,259.0,1435.0,57.0,1588.0,0.0,8011.0,Medium,1
KARNATAKA,2005,1609.0,1406.0,343.0,0.0,343.0,589.0,312.0,277.0,261.0,1585.0,71.0,1883.0,0.0,8679.0,Medium,1
KARNATAKA,2006,1627.0,1484.0,400.0,0.0,400.0,563.0,328.0,235.0,244.0,1683.0,38.0,2129.0,0.0,9131.0,Medium,1
KARNATAKA,2007,1538.0,1251.0,436.0,1.0,435.0,680.0,390.0,290.0,251.0,1828.0,28.0,2507.0,0.0,9635.0,Medium,1
KARNATAKA,2008,1698.0,1475.0,446.0,0.0,446.0,758.0,405.0,353.0,259.0,1954.0,44.0,2638.0,1.0,10477.0,High,2
KARNATAKA,2009,1702.0,1607.0,509.0,0.0,509.0,892.0,408.0,484.0,264.0,2186.0,64.0,3185.0,2.0,11812.0,High,2
KARNATAKA,2010,1805.0,1850.0,586.0,0.0,586.0,1374.0,586.0,788.0,248.0,2544.0,83.0,3441.0,0.0,13891.0,High,2
KARNATAKA,2011,1820.0,1837.0,636.0,0.0,636.0,1395.0,715.0,680.0,267.0,2608.0,81.0,3712.0,12.0,14399.0,High,2
KARNATAKA,2012,1860.0,1923.0,621.0,0.0,621.0,1451.0,1070.0,381.0,218.0,2978.0,100.0,3684.0,32.0,14939.0,High,2
KARNATAKA,2019,23.0,12.0,505.0,0.0,0.0,854.0,1056.0,84.0,194.0,4937.0,107.0,2472.0,0.0,10244.0,High,2
KARNATAKA,2020,7.0,0.0,504.0,0.0,0.0,813.0,923.0,32.0,176.0,4751.0,70.0,2055.0,0.0,9331.0,Medium,1
KERALA,2001,472.0,615.0,562.0,0.0,562.0,183.0,97.0,86.0,27.0,1942.0,81.0,2561.0,0.0,7188.0,Medium,1
KERALA,2002,454.0,562.0,499.0,0.0,499.0,162.0,91.0,71.0,17.0,2123.0,102.0,2836.0,0.0,7416.0,Medium,1
KERALA,2003,435.0,448.0,394.0,0.0,394.0,189.0,102.0,87.0,33.0,1947.0,68.0,2930.0,0.0,7027.0,Medium,1
KERALA,2004,417.0,391.0,480.0,0.0,480.0,232.0,142.0,90.0,31.0,2260.0,133.0,3222.0,0.0,7878.0,Medium,1
KERALA,2005,388.0,341.0,478.0,0.0,478.0,226.0,129.0,97.0,21.0,2339.0,175.0,3283.0,0.0,7955.0,Medium,1
KERALA,2006,393.0,347.0,601.0,0.0,601.0,294.0,202.0,92.0,25.0,2543.0,222.0,3708.0,0.0,9028.0,Medium,1
KERALA,2007,367.0,402.0,512.0,0.0,512.0,255.0,177.0,78.0,27.0,2624.0,262.0,3999.0,0.0,9215.0,Medium,1
KERALA,2008,362.0,434.0,568.0,0.0,568.0,253.0,166.0,87.0,31.0,2745.0,258.0,4138.0,0.0,9610.0,Medium,1
KERALA,2009,343.0,408.0,568.0,0.0,568.0,256.0,173.0,83.0,20.0,2540.0,395.0,4007.0,0.0,9361.0,Medium,1
KERALA,2010,363.0,361.0,634.0,0.0,634.0,261.0,184.0,77.0,22.0,2936.0,537.0,4797.0,0.0,10806.0,High,2
KERALA,2011,365.0,521.0,1132.0,0.0,1132.0,299.0,221.0,78.0,15.0,3756.0,573.0,5377.0,0.0,13469.0,High,2
KERALA,2012,374.0,497.0,1019.0,0.0,1019.0,281.0,214.0,67.0,32.0,3735.0,498.0,5216.0,0.0,12952.0,High,2
KERALA,2019,14.0,51.0,2023.0,0.0,0.0,148.0,227.0,20.0,8.0,4507.0,435.0,2970.0,0.0,10403.0,High,2
KERALA,2020,1.0,0.0,637.0,0.0,0.0,83.0,151.0,15.0,6.0,3890.0,442.0,2707.0,0.0,7932.0,Medium,1
LAKSHADWEEP,2001,1.0,0.0,0.0,0.0,0.0,0.0,0.0,0.0,0.0,0.0,0.0,0.0,0.0,1.0,Low,0
LAKSHADWEEP,2002,0.0,0.0,1.0,0.0,1.0,0.0,0.0,0.0,0.0,1.0,0.0,0.0,0.0,3.0,Low,0
LAKSHADWEEP,2003,0.0,0.0,2.0,0.0,2.0,0.0,0.0,0.0,0.0,1.0,0.0,1.0,0.0,6.0,Low,0
LAKSHADWEEP,2004,0.0,0.0,0.0,0.0,0.0,0.0,0.0,0.0,0.0,0.0,0.0,1.0,0.0,1.0,Low,0
LAKSHADWEEP,2005,1.0,0.0,0.0,0.0,0.0,0.0,0.0,0.0,0.0,0.0,0.0,0.0,0.0,1.0,Low,0
LAKSHADWEEP,2006,0.0,2.0,0.0,0.0,0.0,0.0,0.0,0.0,0.0,0.0,0.0,1.0,0.0,3.0,Low,0
LAKSHADWEEP,2007,0.0,2.0,1.0,0.0,1.0,0.0,0.0,0.0,0.0,2.0,0.0,2.0,0.0,8.0,Low,0
LAKSHADWEEP,2008,1.0,0.0,2.0,0.0,2.0,1.0,1.0,0.0,0.0,0.0,0.0,1.0,0.0,8.0,Low,0
LAKSHADWEEP,2009,0.0,1.0,1.0,0.0,1.0,0.0,0.0,0.0,0.0,0.0,0.0,0.0,0.0,3.0,Low,0
LAKSHADWEEP,2010,0.0,0.0,0.0,0.0,0.0,0.0,0.0,0.0,0.0,0.0,0.0,0.0,0.0,0.0,Low,0
LAKSHADWEEP,2011,0.0,1.0,0.0,0.0,0.0,0.0,0.0,0.0,0.0,0.0,0.0,0.0,0.0,1.0,Low,0
LAKSHADWEEP,2012,0.0,0.0,0.0,0.0,0.0,0.0,0.0,0.0,0.0,1.0,0.0,1.0,0.0,2.0,Low,0
LAKSHADWEEP,2019,0.0,0.0,0.0,0.0,0.0,0.0,0.0,0.0,0.0,5.0,8.0,0.0,0.0,13.0,Low,0
Lakshadweep,2020,0.0,0.0,3.0,0.0,0.0,0.0,0.0,0.0,0.0,3.0,1.0,0.0,0.0,7.0,Low,0
MADHYA PRADESH,2001,2425.0,2870.0,2851.0,0.0,2851.0,956.0,668.0,288.0,609.0,7063.0,751.0,2562.0,0.0,23894.0,High,2
MADHYA PRADESH,2002,2395.0,2864.0,2891.0,0.0,2891.0,964.0,639.0,325.0,674.0,7118.0,783.0,3117.0,0.0,24661.0,High,2
MADHYA PRADESH,2003,2227.0,2413.0,2738.0,0.0,2738.0,887.0,608.0,279.0,648.0,6848.0,705.0,2938.0,0.0,23029.0,High,2
MADHYA PRADESH,2004,2379.0,2563.0,2875.0,0.0,2875.0,832.0,584.0,248.0,751.0,6690.0,804.0,3436.0,0.0,24037.0,High,2
MADHYA PRADESH,2005,2405.0,2512.0,2921.0,0.0,2921.0,847.0,604.0,243.0,739.0,6426.0,792.0,2989.0,3.0,23402.0,High,2
MADHYA PRADESH,2006,2309.0,2370.0,2900.0,0.0,2900.0,808.0,617.0,191.0,764.0,6243.0,762.0,2989.0,0.0,22853.0,High,2
MADHYA PRADESH,2007,2244.0,2423.0,3010.0,0.0,3010.0,922.0,701.0,221.0,742.0,6772.0,780.0,3294.0,0.0,24119.0,High,2
MADHYA PRADESH,2008,2322.0,2282.0,2937.0,0.0,2937.0,929.0,736.0,193.0,805.0,6445.0,758.0,3185.0,0.0,23529.0,High,2
MADHYA PRADESH,2009,2386.0,2212.0,2998.0,1.0,2997.0,1036.0,841.0,195.0,858.0,6307.0,728.0,3983.0,1.0,24543.0,High,2
MADHYA PRADESH,2010,2423.0,2277.0,3135.0,0.0,3135.0,1187.0,1030.0,157.0,892.0,6646.0,918.0,3756.0,5.0,25561.0,High,2
MADHYA PRADESH,2011,2511.0,2340.0,3406.0,0.0,3406.0,1288.0,1088.0,200.0,811.0,6665.0,762.0,3732.0,45.0,26254.0,High,2
MADHYA PRADESH,2012,2373.0,2332.0,3425.0,0.0,3425.0,1302.0,1127.0,175.0,743.0,6655.0,774.0,3988.0,6.0,26325.0,High,2
MADHYA PRADESH  ,2020,27.0,0.0,2339.0,0.0,0.0,3692.0,4782.0,29.0,608.0,5378.0,200.0,5540.0,0.0,22595.0,High,2
MADHYAPRADESH,2019,37.0,39.0,2485.0,0.0,0.0,4404.0,6091.0,36.0,550.0,5585.0,174.0,5486.0,0.0,24887.0,High,2
MAHARASHTRA,2001,2839.0,1454.0,1302.0,0.0,1302.0,985.0,611.0,374.0,308.0,2823.0,1120.0,6090.0,1.0,19209.0,High,2
MAHARASHTRA,2002,2768.0,1435.0,1352.0,1.0,1351.0,953.0,650.0,303.0,303.0,2686.0,769.0,5353.0,0.0,17924.0,High,2
MAHARASHTRA,2003,2772.0,1412.0,1268.0,0.0,1268.0,926.0,626.0,300.0,368.0,2661.0,682.0,5452.0,0.0,17735.0,High,2
MAHARASHTRA,2004,2696.0,1463.0,1388.0,0.0,1388.0,1045.0,787.0,258.0,314.0,2831.0,862.0,5646.0,0.0,18678.0,High,2
MAHARASHTRA,2005,2621.0,1614.0,1545.0,0.0,1545.0,1194.0,851.0,343.0,341.0,3228.0,919.0,6233.0,0.0,20434.0,High,2
MAHARASHTRA,2006,2656.0,1680.0,1500.0,1.0,1499.0,1261.0,921.0,340.0,387.0,3479.0,984.0,6738.0,1.0,21447.0,High,2
MAHARASHTRA,2007,2693.0,1615.0,1451.0,0.0,1451.0,1312.0,967.0,345.0,436.0,3306.0,1039.0,7356.0,0.0,21971.0,High,2
MAHARASHTRA,2008,2795.0,1837.0,1558.0,0.0,1558.0,1379.0,998.0,381.0,390.0,3619.0,1091.0,7829.0,0.0,23435.0,High,2
MAHARASHTRA,2009,2653.0,1880.0,1483.0,0.0,1483.0,1286.0,926.0,360.0,341.0,3196.0,1099.0,7681.0,0.0,22388.0,High,2
MAHARASHTRA,2010,2744.0,1926.0,1599.0,0.0,1599.0,1508.0,1124.0,384.0,393.0,3661.0,1180.0,7434.0,0.0,23552.0,High,2
MAHARASHTRA,2011,2818.0,2105.0,1701.0,0.0,1701.0,1669.0,1252.0,417.0,339.0,3794.0,1071.0,7136.0,0.0,24003.0,High,2
MAHARASHTRA,2012,2712.0,2168.0,1839.0,0.0,1839.0,1583.0,1140.0,443.0,329.0,3935.0,1294.0,7415.0,0.0,24697.0,High,2
MAHARASHTRA,2019,47.0,4.0,2299.0,0.0,0.0,5880.0,6906.0,85.0,196.0,10472.0,1074.0,8430.0,1.0,35394.0,High,2
MAHARASHTRA,2020,20.0,0.0,2061.0,0.0,0.0,4608.0,5254.0,73.0,197.0,9965.0,969.0,6729.0,0.0,29876.0,High,2
MANIPUR,2001,209.0,168.0,20.0,0.0,20.0,94.0,62.0,32.0,0.0,21.0,0.0,5.0,0.0,631.0,Medium,1
MANIPUR,2002,165.0,160.0,14.0,0.0,14.0,157.0,82.0,75.0,0.0,58.0,0.0,10.0,0.0,735.0,Medium,1
MANIPUR,2003,150.0,199.0,18.0,0.0,18.0,120.0,71.0,49.0,0.0,44.0,0.0,4.0,0.0,673.0,Medium,1
MANIPUR,2004,159.0,227.0,31.0,0.0,31.0,128.0,71.0,57.0,0.0,30.0,0.0,2.0,0.0,736.0,Medium,1
MANIPUR,2005,256.0,252.0,25.0,0.0,25.0,106.0,69.0,37.0,0.0,25.0,0.0,20.0,0.0,815.0,Medium,1
MANIPUR,2006,205.0,265.0,40.0,0.0,40.0,130.0,79.0,51.0,0.0,42.0,0.0,10.0,0.0,862.0,Medium,1
MANIPUR,2007,240.0,377.0,20.0,0.0,20.0,150.0,83.0,67.0,0.0,70.0,0.0,15.0,0.0,1042.0,Medium,1
MANIPUR,2008,187.0,498.0,38.0,0.0,38.0,176.0,87.0,89.0,1.0,57.0,0.0,28.0,0.0,1199.0,Medium,1
MANIPUR,2009,131.0,478.0,31.0,0.0,31.0,159.0,97.0,62.0,0.0,39.0,2.0,25.0,0.0,1055.0,Medium,1
MANIPUR,2010,92.0,258.0,34.0,0.0,34.0,199.0,107.0,92.0,0.0,31.0,0.0,18.0,0.0,865.0,Medium,1
MANIPUR,2011,78.0,245.0,53.0,0.0,53.0,169.0,116.0,53.0,1.0,38.0,0.0,39.0,0.0,845.0,Medium,1
MANIPUR,2012,83.0,409.0,63.0,0.0,63.0,223.0,133.0,90.0,0.0,49.0,1.0,43.0,0.0,1157.0,Medium,1
MANIPUR,2019,0.0,1.0,36.0,0.0,0.0,0.0,84.0,4.0,0.0,59.0,7.0,15.0,0.0,206.0,Low,0
MANIPUR,2020,2.0,0.0,32.0,0.0,0.0,1.0,49.0,5.0,1.0,61.0,8.0,7.0,1.0,167.0,Low,0
MEGHALAYA,2001,164.0,47.0,26.0,0.0,26.0,55.0,11.0,44.0,0.0,25.0,0.0,4.0,0.0,402.0,Low,0
MEGHALAYA,2002,167.0,58.0,38.0,0.0,38.0,52.0,10.0,42.0,0.0,23.0,0.0,0.0,0.0,428.0,Low,0
MEGHALAYA,2003,175.0,60.0,40.0,0.0,40.0,49.0,10.0,39.0,0.0,13.0,1.0,4.0,0.0,431.0,Low,0
MEGHALAYA,2004,124.0,42.0,54.0,0.0,54.0,54.0,18.0,36.0,2.0,34.0,0.0,5.0,0.0,423.0,Low,0
MEGHALAYA,2005,134.0,35.0,63.0,0.0,63.0,48.0,19.0,29.0,1.0,44.0,0.0,3.0,0.0,439.0,Low,0
MEGHALAYA,2006,157.0,42.0,74.0,0.0,74.0,57.0,25.0,32.0,6.0,57.0,0.0,13.0,0.0,537.0,Low,0
MEGHALAYA,2007,114.0,49.0,82.0,0.0,82.0,52.0,22.0,30.0,2.0,45.0,1.0,19.0,0.0,498.0,Low,0
MEGHALAYA,2008,126.0,55.0,88.0,0.0,88.0,56.0,25.0,31.0,2.0,54.0,4.0,32.0,0.0,561.0,Low,0
MEGHALAYA,2009,128.0,39.0,112.0,0.0,112.0,56.0,26.0,30.0,0.0,72.0,1.0,24.0,1.0,601.0,Medium,1
MEGHALAYA,2010,134.0,60.0,149.0,0.0,149.0,71.0,37.0,34.0,0.0,48.0,0.0,24.0,0.0,706.0,Medium,1
MEGHALAYA,2011,170.0,51.0,130.0,0.0,130.0,87.0,37.0,50.0,1.0,74.0,1.0,21.0,3.0,755.0,Medium,1
MEGHALAYA,2012,137.0,63.0,164.0,0.0,164.0,92.0,24.0,68.0,1.0,43.0,0.0,16.0,0.0,772.0,Medium,1
MEGHALAYA,2019,6.0,16.0,102.0,0.0,0.0,27.0,71.0,13.0,3.0,96.0,18.0,23.0,0.0,375.0,Low,0
MEGHALAYA,2020,2.0,0.0,67.0,0.0,0.0,12.0,29.0,1.0,1.0,86.0,16.0,17.0,0.0,231.0,Low,0
MIZORAM,2001,31.0,15.0,52.0,0.0,52.0,2.0,1.0,1.0,0.0,52.0,0.0,16.0,3.0,225.0,Low,0
MIZORAM,2002,29.0,26.0,76.0,0.0,76.0,7.0,2.0,5.0,0.0,73.0,0.0,3.0,0.0,297.0,Low,0
MIZORAM,2003,46.0,36.0,54.0,0.0,54.0,8.0,2.0,6.0,0.0,88.0,0.0,3.0,0.0,297.0,Low,0
MIZORAM,2004,35.0,21.0,20.0,0.0,20.0,15.0,0.0,15.0,0.0,66.0,0.0,0.0,0.0,192.0,Low,0
MIZORAM,2005,24.0,24.0,37.0,0.0,37.0,13.0,0.0,13.0,4.0,49.0,4.0,0.0,0.0,205.0,Low,0
MIZORAM,2006,25.0,19.0,72.0,0.0,72.0,6.0,1.0,5.0,0.0,51.0,0.0,1.0,0.0,252.0,Low,0
MIZORAM,2007,43.0,21.0,83.0,0.0,83.0,4.0,0.0,4.0,0.0,66.0,0.0,2.0,0.0,306.0,Low,0
MIZORAM,2008,35.0,10.0,77.0,0.0,77.0,9.0,1.0,8.0,0.0,78.0,0.0,5.0,0.0,300.0,Low,0
MIZORAM,2009,31.0,14.0,83.0,1.0,82.0,9.0,0.0,9.0,0.0,61.0,1.0,4.0,0.0,295.0,Low,0
MIZORAM,2010,48.0,27.0,92.0,0.0,92.0,9.0,0.0,9.0,0.0,75.0,0.0,3.0,0.0,355.0,Low,0
MIZORAM,2011,26.0,24.0,77.0,0.0,77.0,6.0,0.0,6.0,0.0,72.0,1.0,9.0,0.0,298.0,Low,0
MIZORAM,2012,30.0,21.0,103.0,0.0,103.0,8.0,3.0,5.0,0.0,85.0,0.0,8.0,0.0,366.0,Low,0
MIZORAM,2019,0.0,0.0,42.0,0.0,0.0,0.0,2.0,0.0,0.0,35.0,0.0,5.0,0.0,84.0,Low,0
MIZORAM,2020,0.0,0.0,33.0,0.0,0.0,1.0,1.0,0.0,0.0,26.0,3.0,7.0,0.0,71.0,Low,0
NAGALAND,2001,101.0,39.0,17.0,0.0,17.0,23.0,6.0,17.0,0.0,6.0,0.0,0.0,0.0,226.0,Low,0
NAGALAND,2002,100.0,34.0,17.0,0.0,17.0,27.0,4.0,23.0,0.0,1.0,0.0,0.0,0.0,223.0,Low,0
NAGALAND,2003,91.0,34.0,14.0,0.0,14.0,38.0,3.0,35.0,0.0,4.0,2.0,0.0,1.0,236.0,Low,0
NAGALAND,2004,70.0,33.0,18.0,0.0,18.0,23.0,4.0,19.0,0.0,3.0,1.0,0.0,0.0,189.0,Low,0
NAGALAND,2005,87.0,26.0,17.0,0.0,17.0,26.0,9.0,17.0,0.0,7.0,0.0,0.0,0.0,206.0,Low,0
NAGALAND,2006,123.0,46.0,23.0,0.0,23.0,31.0,3.0,28.0,0.0,3.0,2.0,3.0,0.0,285.0,Low,0
NAGALAND,2007,111.0,50.0,13.0,0.0,13.0,17.0,6.0,11.0,0.0,8.0,1.0,0.0,0.0,230.0,Low,0
NAGALAND,2008,143.0,47.0,19.0,0.0,19.0,44.0,7.0,37.0,0.0,15.0,1.0,4.0,0.0,336.0,Low,0
NAGALAND,2009,46.0,35.0,22.0,0.0,22.0,52.0,10.0,42.0,0.0,11.0,0.0,0.0,0.0,240.0,Low,0
NAGALAND,2010,45.0,35.0,16.0,0.0,16.0,50.0,6.0,44.0,0.0,13.0,3.0,1.0,0.0,229.0,Low,0
NAGALAND,2011,46.0,43.0,23.0,0.0,23.0,34.0,3.0,31.0,0.0,9.0,0.0,1.0,0.0,213.0,Low,0
NAGALAND,2012,75.0,42.0,21.0,0.0,21.0,27.0,10.0,17.0,0.0,16.0,0.0,0.0,0.0,229.0,Low,0
NAGALAND,2019,0.0,0.0,8.0,0.0,0.0,11.0,13.0,1.0,0.0,8.0,1.0,0.0,0.0,42.0,Low,0
NAGALAND,2020,0.0,0.0,4.0,0.0,0.0,5.0,6.0,1.0,1.0,7.0,2.0,2.0,0.0,28.0,Low,0
ODISHA,2001,987.0,1151.0,790.0,0.0,790.0,522.0,434.0,88.0,294.0,1655.0,458.0,1266.0,0.0,8435.0,Medium,1
ODISHA,2002,1075.0,1372.0,691.0,0.0,691.0,523.0,432.0,91.0,248.0,1605.0,188.0,1167.0,0.0,8083.0,Medium,1
ODISHA,2003,1044.0,1214.0,725.0,0.0,725.0,477.0,373.0,104.0,279.0,1669.0,188.0,1289.0,0.0,8087.0,Medium,1
ODISHA,2004,1066.0,1197.0,770.0,0.0,770.0,526.0,423.0,103.0,319.0,1811.0,170.0,1192.0,0.0,8347.0,Medium,1
ODISHA,2005,1079.0,1279.0,799.0,0.0,799.0,641.0,547.0,94.0,334.0,2238.0,184.0,1671.0,0.0,9665.0,Medium,1
ODISHA,2006,1159.0,752.0,985.0,0.0,985.0,704.0,577.0,127.0,457.0,2415.0,247.0,694.0,12.0,9114.0,Medium,1
ODISHA,2007,1210.0,1105.0,939.0,0.0,939.0,801.0,660.0,141.0,461.0,2775.0,241.0,728.0,0.0,10000.0,High,2
ODISHA,2008,1250.0,1415.0,1113.0,0.0,1113.0,908.0,762.0,146.0,401.0,2782.0,282.0,1618.0,0.0,11790.0,High,2
ODISHA,2009,1250.0,1231.0,1023.0,0.0,1023.0,930.0,799.0,131.0,384.0,2697.0,210.0,2047.0,1.0,11726.0,High,2
ODISHA,2010,1308.0,1436.0,1025.0,0.0,1025.0,1016.0,912.0,104.0,388.0,2905.0,232.0,2067.0,5.0,12423.0,High,2
ODISHA,2011,1477.0,1621.0,1112.0,0.0,1112.0,1139.0,1008.0,131.0,465.0,3207.0,235.0,2320.0,0.0,13827.0,High,2
ODISHA,2012,1548.0,1879.0,1458.0,0.0,1458.0,1542.0,1364.0,178.0,525.0,4187.0,304.0,2638.0,0.0,17081.0,High,2
ODISHA,2019,3.0,151.0,1382.0,0.0,0.0,3795.0,3934.0,0.0,342.0,11308.0,536.0,2739.0,0.0,24190.0,High,2
ODISHA,2020,18.0,0.0,1211.0,0.0,0.0,3512.0,3775.0,55.0,320.0,12605.0,615.0,3659.0,0.0,25770.0,High,2
PUDUCHERRY,2001,25.0,32.0,9.0,0.0,9.0,4.0,3.0,1.0,1.0,35.0,27.0,3.0,0.0,149.0,Low,0
PUDUCHERRY,2002,29.0,43.0,6.0,0.0,6.0,10.0,6.0,4.0,5.0,59.0,26.0,9.0,0.0,203.0,Low,0
PUDUCHERRY,2003,29.0,32.0,2.0,0.0,2.0,18.0,13.0,5.0,1.0,56.0,27.0,4.0,0.0,189.0,Low,0
PUDUCHERRY,2004,25.0,18.0,4.0,0.0,4.0,10.0,8.0,2.0,6.0,50.0,30.0,2.0,0.0,159.0,Low,0
PUDUCHERRY,2005,19.0,24.0,6.0,0.0,6.0,6.0,3.0,3.0,4.0,60.0,26.0,6.0,0.0,163.0,Low,0
PUDUCHERRY,2006,30.0,24.0,9.0,0.0,9.0,18.0,13.0,5.0,3.0,56.0,39.0,19.0,0.0,225.0,Low,0
PUDUCHERRY,2007,34.0,42.0,9.0,0.0,9.0,20.0,14.0,6.0,2.0,89.0,32.0,17.0,0.0,274.0,Low,0
PUDUCHERRY,2008,35.0,35.0,8.0,0.0,8.0,17.0,9.0,8.0,2.0,65.0,21.0,12.0,0.0,220.0,Low,0
PUDUCHERRY,2009,37.0,25.0,1.0,0.0,1.0,18.0,13.0,5.0,0.0,53.0,16.0,10.0,0.0,179.0,Low,0
PUDUCHERRY,2010,33.0,19.0,3.0,0.0,3.0,17.0,14.0,3.0,1.0,46.0,22.0,7.0,0.0,168.0,Low,0
PUDUCHERRY,2011,32.0,22.0,7.0,0.0,7.0,12.0,9.0,3.0,1.0,35.0,16.0,10.0,0.0,154.0,Low,0
PUDUCHERRY,2012,29.0,27.0,13.0,0.0,13.0,19.0,16.0,3.0,0.0,9.0,2.0,6.0,0.0,137.0,Low,0
PUDUCHERRY,2019,0.0,0.0,10.0,0.0,0.0,0.0,0.0,0.0,0.0,23.0,0.0,8.0,0.0,41.0,Low,0
PUDUCHERRY,2020,0.0,0.0,8.0,0.0,0.0,0.0,0.0,0.0,2.0,25.0,0.0,9.0,0.0,44.0,Low,0
PUNJAB,2001,738.0,789.0,298.0,0.0,298.0,513.0,324.0,189.0,159.0,372.0,47.0,1128.0,0.0,4855.0,Medium,1
PUNJAB,2002,733.0,728.0,299.0,0.0,299.0,551.0,354.0,197.0,166.0,341.0,145.0,944.0,0.0,4757.0,Medium,1
PUNJAB,2003,731.0,644.0,380.0,0.0,380.0,464.0,295.0,169.0,110.0,346.0,199.0,987.0,0.0,4705.0,Medium,1
PUNJAB,2004,775.0,716.0,390.0,0.0,390.0,463.0,311.0,152.0,113.0,261.0,38.0,801.0,0.0,4410.0,Medium,1
PUNJAB,2005,713.0,723.0,398.0,0.0,398.0,478.0,329.0,149.0,99.0,308.0,43.0,729.0,0.0,4367.0,Medium,1
PUNJAB,2006,817.0,898.0,442.0,0.0,442.0,591.0,418.0,173.0,130.0,314.0,60.0,801.0,2.0,5088.0,Medium,1
PUNJAB,2007,760.0,893.0,519.0,0.0,519.0,760.0,545.0,215.0,133.0,427.0,48.0,971.0,0.0,5790.0,Medium,1
PUNJAB,2008,769.0,956.0,517.0,0.0,517.0,718.0,514.0,204.0,128.0,388.0,49.0,984.0,0.0,5744.0,Medium,1
PUNJAB,2009,853.0,1014.0,511.0,0.0,511.0,692.0,513.0,179.0,126.0,319.0,33.0,1061.0,0.0,5812.0,Medium,1
PUNJAB,2010,907.0,994.0,546.0,0.0,546.0,789.0,576.0,213.0,121.0,349.0,38.0,1163.0,0.0,6242.0,Medium,1
PUNJAB,2011,842.0,997.0,479.0,0.0,479.0,681.0,517.0,164.0,143.0,282.0,31.0,1136.0,0.0,5751.0,Medium,1
PUNJAB,2012,855.0,1045.0,680.0,1.0,679.0,919.0,689.0,230.0,118.0,340.0,31.0,1293.0,0.0,6880.0,Medium,1
PUNJAB,2019,0.0,109.0,1002.0,0.0,0.0,20.0,1534.0,82.0,69.0,944.0,35.0,1595.0,0.0,5390.0,Medium,1
PUNJAB,2020,5.0,0.0,502.0,0.0,0.0,11.0,1241.0,29.0,63.0,731.0,28.0,1271.0,0.0,3881.0,Medium,1
RAJASTHAN,2001,1259.0,1923.0,1049.0,0.0,1049.0,2718.0,2165.0,553.0,376.0,2878.0,56.0,5532.0,1.0,19559.0,High,2
RAJASTHAN,2002,1276.0,2043.0,1051.0,0.0,1051.0,2587.0,2019.0,568.0,399.0,2730.0,44.0,5691.0,0.0,19459.0,High,2
RAJASTHAN,2003,1262.0,1977.0,1050.0,0.0,1050.0,2238.0,1750.0,488.0,389.0,2715.0,33.0,5733.0,1.0,18686.0,High,2
RAJASTHAN,2004,1279.0,2030.0,1038.0,0.0,1038.0,2384.0,1881.0,503.0,379.0,2825.0,41.0,6781.0,1.0,20180.0,High,2
RAJASTHAN,2005,1221.0,1920.0,993.0,0.0,993.0,1993.0,1549.0,444.0,361.0,2503.0,28.0,5997.0,0.0,18002.0,High,2
RAJASTHAN,2006,1209.0,1694.0,1085.0,0.0,1085.0,1970.0,1553.0,417.0,394.0,2582.0,31.0,7038.0,3.0,19061.0,High,2
RAJASTHAN,2007,1303.0,1772.0,1238.0,0.0,1238.0,2177.0,1694.0,483.0,439.0,2477.0,28.0,8170.0,0.0,21019.0,High,2
RAJASTHAN,2008,1297.0,1649.0,1355.0,0.0,1355.0,2358.0,1863.0,495.0,439.0,2520.0,19.0,8113.0,0.0,21463.0,High,2
RAJASTHAN,2009,1395.0,1673.0,1519.0,0.0,1519.0,2870.0,2310.0,560.0,436.0,2485.0,24.0,10371.0,0.0,25162.0,High,2
RAJASTHAN,2010,1421.0,1557.0,1571.0,0.0,1571.0,2985.0,2477.0,508.0,462.0,2339.0,23.0,11145.0,0.0,26059.0,High,2
RAJASTHAN,2011,1461.0,1566.0,1800.0,0.0,1800.0,3204.0,2713.0,491.0,514.0,2447.0,9.0,12218.0,0.0,28223.0,High,2
RAJASTHAN,2012,1461.0,1538.0,2049.0,0.0,2049.0,3243.0,2697.0,546.0,478.0,2352.0,18.0,13312.0,0.0,29743.0,High,2
RAJASTHAN,2019,7.0,1019.0,5997.0,0.0,0.0,2222.0,5907.0,2070.0,452.0,8802.0,69.0,18432.0,0.0,44977.0,High,2
RAJASTHAN,2020,8.0,0.0,5310.0,0.0,0.0,2051.0,4739.0,1524.0,479.0,8661.0,85.0,13765.0,0.0,36622.0,High,2
SIKKIM,2001,19.0,11.0,8.0,0.0,8.0,6.0,2.0,4.0,0.0,0.0,14.0,0.0,0.0,72.0,Low,0
SIKKIM,2002,13.0,5.0,6.0,0.0,6.0,9.0,2.0,7.0,0.0,17.0,0.0,3.0,0.0,68.0,Low,0
SIKKIM,2003,14.0,7.0,10.0,0.0,10.0,0.0,0.0,0.0,0.0,25.0,0.0,1.0,0.0,67.0,Low,0
SIKKIM,2004,16.0,8.0,3.0,0.0,3.0,5.0,4.0,1.0,0.0,40.0,0.0,1.0,0.0,81.0,Low,0
SIKKIM,2005,8.0,16.0,18.0,0.0,18.0,3.0,2.0,1.0,0.0,38.0,0.0,4.0,0.0,108.0,Low,0
SIKKIM,2006,21.0,16.0,20.0,0.0,20.0,8.0,7.0,1.0,0.0,14.0,0.0,6.0,0.0,113.0,Low,0
SIKKIM,2007,9.0,14.0,24.0,0.0,24.0,9.0,9.0,0.0,0.0,13.0,0.0,7.0,0.0,109.0,Low,0
SIKKIM,2008,9.0,7.0,20.0,0.0,20.0,4.0,4.0,0.0,0.0,19.0,0.0,5.0,0.0,88.0,Low,0
SIKKIM,2009,19.0,7.0,18.0,0.0,18.0,6.0,6.0,0.0,0.0,10.0,0.0,6.0,0.0,90.0,Low,0
SIKKIM,2010,17.0,6.0,18.0,0.0,18.0,6.0,6.0,0.0,1.0,11.0,0.0,3.0,0.0,86.0,Low,0
SIKKIM,2011,14.0,7.0,16.0,0.0,16.0,10.0,10.0,0.0,0.0,24.0,0.0,4.0,0.0,101.0,Low,0
SIKKIM,2012,7.0,7.0,34.0,0.0,34.0,10.0,10.0,0.0,1.0,19.0,0.0,4.0,0.0,126.0,Low,0
SIKKIM,2019,0.0,3.0,11.0,0.0,0.0,0.0,0.0,0.0,0.0,21.0,2.0,1.0,0.0,38.0,Low,0
SIKKIM,2020,0.0,0.0,12.0,0.0,0.0,11.0,11.0,0.0,0.0,18.0,0.0,1.0,0.0,53.0,Low,0
TAMIL NADU,2001,1662.0,2204.0,423.0,0.0,423.0,952.0,607.0,345.0,191.0,1773.0,1012.0,815.0,14.0,10421.0,High,2
TAMIL NADU,2002,1723.0,2133.0,534.0,0.0,534.0,1001.0,714.0,287.0,243.0,1877.0,1718.0,1052.0,0.0,11816.0,High,2
TAMIL NADU,2003,1591.0,1843.0,557.0,1.0,556.0,879.0,632.0,247.0,220.0,2022.0,881.0,1555.0,1.0,10985.0,High,2
TAMIL NADU,2004,1479.0,1772.0,618.0,0.0,618.0,870.0,692.0,178.0,225.0,1861.0,1081.0,1437.0,0.0,10831.0,High,2
TAMIL NADU,2005,1440.0,1759.0,571.0,1.0,570.0,1029.0,783.0,246.0,215.0,1764.0,665.0,1650.0,0.0,10693.0,High,2
TAMIL NADU,2006,1363.0,1599.0,457.0,0.0,457.0,906.0,718.0,188.0,187.0,1179.0,852.0,1248.0,0.0,9154.0,Medium,1
TAMIL NADU,2007,1633.0,2078.0,523.0,0.0,523.0,1270.0,1097.0,173.0,208.0,1540.0,875.0,1976.0,0.0,11896.0,High,2
TAMIL NADU,2008,1759.0,2327.0,573.0,0.0,573.0,1375.0,1160.0,215.0,207.0,1705.0,974.0,1648.0,0.0,12516.0,High,2
TAMIL NADU,2009,1776.0,2325.0,596.0,0.0,596.0,1372.0,1133.0,239.0,194.0,1242.0,501.0,1460.0,0.0,11434.0,High,2
TAMIL NADU,2010,1875.0,2641.0,686.0,0.0,686.0,1720.0,1464.0,256.0,165.0,1405.0,638.0,1570.0,0.0,13106.0,High,2
TAMIL NADU,2011,1877.0,2962.0,677.0,0.0,677.0,1984.0,1743.0,241.0,152.0,1467.0,464.0,1812.0,0.0,14056.0,High,2
TAMIL NADU,2012,1949.0,2954.0,737.0,0.0,737.0,1945.0,1693.0,252.0,110.0,1494.0,382.0,1965.0,0.0,14218.0,High,2
TAMIL NADU,2020,3.0,0.0,389.0,0.0,0.0,55.0,633.0,32.0,40.0,892.0,31.0,689.0,0.0,2764.0,Medium,1
TAMILNADU,2019,8.0,8.0,362.0,0.0,0.0,85.0,699.0,17.0,28.0,803.0,7.0,781.0,0.0,2798.0,Medium,1
TELANGANA,2019,20.0,42.0,873.0,0.0,0.0,763.0,1322.0,86.0,163.0,4190.0,695.0,8541.0,0.0,16695.0,High,2
TELANGANA,2020,14.0,0.0,764.0,0.0,0.0,896.0,1314.0,91.0,158.0,4907.0,565.0,7453.0,0.0,16162.0,High,2
TOTAL,2020,0.0,0.0,4.0,0.0,0.0,0.0,0.0,0.0,1.0,6.0,3.0,4.0,0.0,18.0,Low,0
TRIPURA,2001,240.0,25.0,102.0,0.0,102.0,93.0,35.0,58.0,16.0,58.0,0.0,227.0,0.0,956.0,Medium,1
TRIPURA,2002,201.0,38.0,108.0,0.0,108.0,128.0,48.0,80.0,16.0,128.0,0.0,236.0,0.0,1091.0,Medium,1
TRIPURA,2003,254.0,87.0,114.0,0.0,114.0,146.0,29.0,117.0,20.0,127.0,0.0,247.0,0.0,1255.0,Medium,1
TRIPURA,2004,189.0,36.0,160.0,0.0,160.0,99.0,54.0,45.0,20.0,134.0,0.0,302.0,0.0,1199.0,Medium,1
TRIPURA,2005,121.0,56.0,162.0,0.0,162.0,85.0,43.0,42.0,34.0,161.0,1.0,439.0,0.0,1306.0,Medium,1
TRIPURA,2006,154.0,52.0,189.0,0.0,189.0,105.0,62.0,43.0,35.0,207.0,0.0,471.0,0.0,1507.0,Medium,1
TRIPURA,2007,138.0,58.0,157.0,0.0,157.0,113.0,81.0,32.0,36.0,244.0,4.0,545.0,0.0,1565.0,Medium,1
TRIPURA,2008,155.0,53.0,204.0,0.0,204.0,146.0,110.0,36.0,16.0,346.0,4.0,735.0,0.0,2009.0,Medium,1
TRIPURA,2009,133.0,59.0,190.0,0.0,190.0,121.0,92.0,29.0,29.0,384.0,5.0,815.0,0.0,2047.0,Medium,1
TRIPURA,2010,150.0,63.0,238.0,0.0,238.0,114.0,91.0,23.0,25.0,376.0,9.0,937.0,0.0,2264.0,Medium,1
TRIPURA,2011,163.0,75.0,205.0,0.0,205.0,154.0,116.0,38.0,30.0,294.0,9.0,702.0,0.0,1991.0,Medium,1
TRIPURA,2012,124.0,79.0,229.0,0.0,229.0,139.0,114.0,25.0,37.0,314.0,7.0,858.0,0.0,2155.0,Medium,1
TRIPURA,2019,0.0,9.0,88.0,0.0,0.0,46.0,138.0,9.0,38.0,153.0,5.0,451.0,0.0,937.0,Medium,1
TRIPURA,2020,2.0,0.0,79.0,0.0,0.0,35.0,110.0,4.0,23.0,115.0,3.0,356.0,0.0,727.0,Medium,1
UTTAR PRADESH,2001,7601.0,7964.0,1958.0,0.0,1958.0,4330.0,2879.0,1451.0,2211.0,2870.0,2575.0,7365.0,0.0,43162.0,High,2
UTTAR PRADESH,2002,6825.0,6283.0,1415.0,1.0,1414.0,3430.0,2298.0,1132.0,1893.0,2145.0,1887.0,5679.0,0.0,34402.0,High,2
UTTAR PRADESH,2003,5284.0,3793.0,911.0,0.0,911.0,2208.0,1499.0,709.0,1322.0,1098.0,4970.0,2626.0,0.0,25331.0,High,2
UTTAR PRADESH,2004,6126.0,5580.0,1397.0,0.0,1397.0,3337.0,2324.0,1013.0,1708.0,1900.0,2682.0,4950.0,3.0,32417.0,High,2
UTTAR PRADESH,2005,5711.0,5637.0,1217.0,0.0,1217.0,2955.0,2256.0,699.0,1564.0,1835.0,2881.0,4505.0,0.0,30477.0,High,2
UTTAR PRADESH,2006,5480.0,4997.0,1314.0,0.0,1314.0,3318.0,2551.0,767.0,1798.0,2096.0,2714.0,5204.0,0.0,31553.0,High,2
UTTAR PRADESH,2007,5000.0,4424.0,1648.0,0.0,1648.0,4478.0,3363.0,1115.0,2076.0,2522.0,2882.0,7650.0,0.0,36806.0,High,2
UTTAR PRADESH,2008,4564.0,4233.0,1871.0,0.0,1871.0,5428.0,4439.0,989.0,2237.0,2955.0,3374.0,8312.0,0.0,40273.0,High,2
UTTAR PRADESH,2009,4534.0,4141.0,1759.0,0.0,1759.0,6083.0,5078.0,1005.0,2232.0,2782.0,2524.0,8566.0,0.0,40463.0,High,2
UTTAR PRADESH,2010,4401.0,4004.0,1563.0,1.0,1562.0,6321.0,5468.0,853.0,2217.0,2793.0,11.0,7978.0,0.0,37172.0,High,2
UTTAR PRADESH,2011,4951.0,4653.0,2042.0,0.0,2042.0,8500.0,7525.0,975.0,2322.0,3455.0,3.0,7121.0,0.0,43589.0,High,2
UTTAR PRADESH,2012,4966.0,4811.0,1963.0,0.0,1963.0,8878.0,7910.0,968.0,2244.0,3247.0,8.0,7661.0,0.0,44619.0,High,2
UTTAR PRADESH,2019,34.0,358.0,3065.0,0.0,0.0,1332.0,11649.0,22.0,2410.0,11988.0,42.0,18304.0,0.0,49204.0,High,2
UTTAR PRADESH,2020,31.0,0.0,2769.0,0.0,0.0,1359.0,9109.0,2.0,2274.0,9864.0,28.0,14454.0,0.0,39890.0,High,2
UTTARAKHAND,2001,316.0,279.0,74.0,0.0,74.0,183.0,126.0,57.0,56.0,103.0,84.0,301.0,0.0,1653.0,Medium,1
UTTARAKHAND,2002,292.0,249.0,89.0,0.0,89.0,198.0,155.0,43.0,66.0,145.0,97.0,316.0,1.0,1740.0,Medium,1
UTTARAKHAND,2003,268.0,236.0,107.0,0.0,107.0,171.0,134.0,37.0,93.0,136.0,98.0,317.0,0.0,1704.0,Medium,1
UTTARAKHAND,2004,262.0,247.0,115.0,0.0,115.0,213.0,127.0,86.0,82.0,143.0,110.0,405.0,0.0,1905.0,Medium,1
UTTARAKHAND,2005,279.0,202.0,133.0,0.0,133.0,203.0,125.0,78.0,63.0,100.0,89.0,272.0,0.0,1677.0,Medium,1
UTTARAKHAND,2006,274.0,215.0,147.0,0.0,147.0,212.0,183.0,29.0,80.0,153.0,113.0,358.0,0.0,1911.0,Medium,1
UTTARAKHAND,2007,268.0,228.0,117.0,0.0,117.0,253.0,227.0,26.0,70.0,146.0,63.0,463.0,0.0,1978.0,Medium,1
UTTARAKHAND,2008,223.0,217.0,87.0,0.0,87.0,247.0,222.0,25.0,73.0,120.0,306.0,340.0,0.0,1947.0,Medium,1
UTTARAKHAND,2009,195.0,185.0,111.0,0.0,111.0,275.0,247.0,28.0,94.0,119.0,249.0,361.0,0.0,1975.0,Medium,1
UTTARAKHAND,2010,176.0,219.0,121.0,0.0,121.0,286.0,249.0,37.0,75.0,125.0,165.0,334.0,0.0,1908.0,Medium,1
UTTARAKHAND,2011,178.0,189.0,129.0,0.0,129.0,314.0,283.0,31.0,83.0,116.0,72.0,307.0,0.0,1831.0,Medium,1
UTTARAKHAND,2012,217.0,161.0,148.0,0.0,148.0,297.0,256.0,41.0,71.0,139.0,73.0,368.0,0.0,1919.0,Medium,1
UTTARAKHAND,2019,2.0,21.0,526.0,0.0,0.0,101.0,375.0,150.0,57.0,475.0,10.0,644.0,0.0,2361.0,Medium,1
UTTARAKHAND,2020,0.0,0.0,487.0,0.0,0.0,124.0,349.0,161.0,65.0,474.0,43.0,668.0,0.0,2371.0,Medium,1
WEST BENGAL,2001,1594.0,449.0,709.0,0.0,709.0,875.0,695.0,180.0,265.0,954.0,48.0,3859.0,3.0,10340.0,High,2
WEST BENGAL,2002,1444.0,413.0,759.0,0.0,759.0,831.0,694.0,137.0,273.0,964.0,34.0,4069.0,1.0,10378.0,High,2
WEST BENGAL,2003,1425.0,400.0,1002.0,0.0,1002.0,902.0,801.0,101.0,329.0,1186.0,71.0,4948.0,1.0,12168.0,High,2
WEST BENGAL,2004,1425.0,390.0,1475.0,0.0,1475.0,1200.0,1018.0,182.0,396.0,1566.0,64.0,6334.0,12.0,15537.0,High,2
WEST BENGAL,2005,1453.0,434.0,1686.0,0.0,1686.0,1207.0,1039.0,168.0,446.0,1572.0,54.0,6936.0,61.0,16742.0,High,2
WEST BENGAL,2006,1425.0,672.0,1731.0,0.0,1731.0,1355.0,1199.0,156.0,445.0,1837.0,63.0,7414.0,1.0,18029.0,High,2
WEST BENGAL,2007,1652.0,877.0,2106.0,0.0,2106.0,1800.0,1590.0,210.0,451.0,2281.0,99.0,9900.0,5.0,23077.0,High,2
WEST BENGAL,2008,1811.0,1732.0,2263.0,0.0,2263.0,2332.0,1907.0,425.0,451.0,2396.0,94.0,13663.0,5.0,29342.0,High,2
WEST BENGAL,2009,2068.0,2119.0,2336.0,0.0,2336.0,2750.0,2187.0,563.0,506.0,1942.0,108.0,16112.0,5.0,33032.0,High,2
WEST BENGAL,2010,2398.0,2111.0,2311.0,0.0,2311.0,3345.0,2764.0,581.0,507.0,2465.0,163.0,17796.0,8.0,36760.0,High,2
WEST BENGAL,2011,2109.0,2242.0,2363.0,0.0,2363.0,4285.0,3711.0,574.0,510.0,2363.0,200.0,19772.0,0.0,40492.0,High,2
WEST BENGAL,2012,2252.0,2854.0,2046.0,0.0,2046.0,5117.0,4168.0,949.0,593.0,3345.0,556.0,19865.0,12.0,43803.0,High,2
WEST BENGAL,2019,6.0,944.0,1069.0,0.0,0.0,2831.0,4249.0,698.0,444.0,3399.0,391.0,16951.0,1.0,30983.0,High,2
WEST BENGAL,2020,9.0,0.0,1128.0,0.0,0.0,4858.0,7740.0,1990.0,522.0,2488.0,446.0,19962.0,0.0,39143.0,High,2
